"date","season","taiaroa_east","sst","sss","avg_sst_grad_km","avg_sss_grad_km","water_mass"
2015-03-10,"summer","TaiaroaEast0.5km",15.3200161363636,34.5836319318182,0.03,0,"NW"
2015-03-10,"summer","TaiaroaEast5.10km",15.087657,34.514733125,-0.08,-0.02,"NW"
2015-03-10,"summer","TaiaroaEast10.15km",15.008307375,34.448356125,0.02,-0.02,"NW"
2015-03-10,"summer","TaiaroaEast15.20km",14.934017,34.536387375,-0.08,0.07,"NW"
2015-03-10,"summer","TaiaroaEast20.25km",14.02429075,34.739332625,-0.13,0.02,"STW"
2015-03-10,"summer","TaiaroaEast25.30km",13.511483625,34.75703225,-0.12,0,"STW"
2015-03-10,"summer","TaiaroaEast30.35km",12.6687964315476,34.6028847380952,-0.2,-0.04,"STW"
2015-03-10,"summer","TaiaroaEast35.40km",12.3575130833333,34.4815569166667,-0.02,-0.02,"SASW"
2015-03-10,"summer","TaiaroaEast40.45km",12.3337945833333,34.46124925,-0.03,-0.01,"SASW"
2015-03-10,"summer","TaiaroaEast45.50km",12.1825256666667,34.3957748611111,-0.03,-0.01,"SASW"
2015-03-10,"summer","TaiaroaEast50.55km",12.5758791666667,34.3412456666667,0.08,0,"SASW"
2015-03-10,"summer","TaiaroaEast55.60km",12.49866825,34.34383475,-0.1,0.01,"SASW"
2015-04-21,"autumn","TaiaroaEast0.5km",12.6571802272727,34.3960495454545,-0.01,0,"NW"
2015-04-21,"autumn","TaiaroaEast5.10km",12.698499625,34.3740515,0.02,-0.01,"NW"
2015-04-21,"autumn","TaiaroaEast10.15km",12.824568125,34.4465905,0.01,0.05,"NW"
2015-04-21,"autumn","TaiaroaEast15.20km",12.644066125,34.652355875,-0.1,0.03,"STW"
2015-04-21,"autumn","TaiaroaEast20.25km",12.490491375,34.703119375,0.01,0,"STW"
2015-04-21,"autumn","TaiaroaEast25.30km",12.53502825,34.694888375,-0.02,0,"STW"
2015-04-21,"autumn","TaiaroaEast30.35km",11.974963375,34.677931125,-0.07,-0.01,"STW"
2015-04-21,"autumn","TaiaroaEast35.40km",11.752408375,34.648404375,-0.03,-0.01,"STW"
2015-04-21,"autumn","TaiaroaEast40.45km",10.854590375,34.361267375,-0.06,-0.01,"SASW"
2015-04-21,"autumn","TaiaroaEast45.50km",10.881971,34.33445375,0.01,-0.01,"SASW"
2015-04-21,"autumn","TaiaroaEast50.55km",10.8956945,34.31983,0.01,0,"SASW"
2015-04-21,"autumn","TaiaroaEast55.60km",10.888867,34.294756125,-0.01,0,"SASW"
2015-08-11,"winter","TaiaroaEast0.5km",8.55505045454546,34.06760125,-0.02,0.08,"NW"
2015-08-11,"winter","TaiaroaEast5.10km",8.660649625,34.187477125,0.06,-0.04,"NW"
2015-08-11,"winter","TaiaroaEast10.15km",8.76078125,34.052070125,0,-0.01,"NW"
2015-08-11,"winter","TaiaroaEast15.20km",9.185845625,34.628268375,0.01,0.03,"STW"
2015-08-11,"winter","TaiaroaEast20.25km",9.138547125,34.65275825,-0.03,-0.01,"STW"
2015-08-11,"winter","TaiaroaEast25.30km",9.027983,34.62691025,-0.01,0,"STW"
2015-08-11,"winter","TaiaroaEast30.35km",9.157683375,34.6449085,0.02,0,"STW"
2015-08-11,"winter","TaiaroaEast35.40km",8.144327,34.41717775,-0.16,-0.02,"SASW"
2015-08-11,"winter","TaiaroaEast40.45km",8.327478375,34.454364,-0.03,-0.02,"SASW"
2015-08-11,"winter","TaiaroaEast45.50km",8.010508625,34.393653125,-0.02,0,"SASW"
2015-08-11,"winter","TaiaroaEast50.55km",7.76126,34.317697625,-0.07,-0.01,"SASW"
2015-08-11,"winter","TaiaroaEast55.60km",7.797214375,34.31307825,0.04,0,"SASW"
2015-11-05,"spring","TaiaroaEast0.5km",12.0668268181818,34.5020643181818,-0.15,0,"NW"
2015-11-05,"spring","TaiaroaEast5.10km",11.740442875,34.4159535,-0.07,-0.03,"NW"
2015-11-05,"spring","TaiaroaEast10.15km",11.355941125,34.69651525,-0.1,0.11,"STW"
2015-11-05,"spring","TaiaroaEast15.20km",10.84508125,34.82074875,-0.11,-0.02,"STW"
2015-11-05,"spring","TaiaroaEast20.25km",10.323016375,34.73471075,-0.1,-0.02,"STW"
2015-11-05,"spring","TaiaroaEast25.30km",9.679740625,34.623418875,-0.12,-0.02,"STW"
2015-11-05,"spring","TaiaroaEast30.35km",9.13188375,34.49234675,-0.05,-0.02,"SASW"
2015-11-05,"spring","TaiaroaEast35.40km",9.063792,34.4500035,0.01,-0.01,"SASW"
2015-11-05,"spring","TaiaroaEast40.45km",8.871034875,34.373700375,-0.01,0,"SASW"
2015-11-05,"spring","TaiaroaEast45.50km",8.809634,34.355451,-0.03,-0.01,"SASW"
2015-11-05,"spring","TaiaroaEast50.55km",8.77792233333333,34.334674,0.05,0,"SASW"
2015-11-05,"spring","TaiaroaEast55.60km",8.81541125,34.3219666666667,-0.02,0,"SASW"
2016-01-17,"summer","TaiaroaEast0.5km",14.3299119318182,34.6774557954545,-0.01,-0.01,"STW"
2016-01-17,"summer","TaiaroaEast5.10km",14.232981125,34.686752125,-0.08,0.01,"STW"
2016-01-17,"summer","TaiaroaEast10.15km",13.538293625,34.768382875,-0.15,0.03,"STW"
2016-01-17,"summer","TaiaroaEast15.20km",12.3541045,34.748829,-0.25,-0.01,"STW"
2016-01-17,"summer","TaiaroaEast20.25km",11.690660125,34.65313875,-0.13,-0.03,"STW"
2016-01-17,"summer","TaiaroaEast25.30km",11.591469125,34.61476025,0.01,0,"STW"
2016-01-17,"summer","TaiaroaEast30.35km",11.5863965,34.574519375,0.01,-0.01,"SASW"
2016-01-17,"summer","TaiaroaEast35.40km",11.543828,34.482980375,-0.01,-0.03,"SASW"
2016-01-17,"summer","TaiaroaEast40.45km",11.45251975,34.360749375,-0.01,-0.01,"SASW"
2016-01-17,"summer","TaiaroaEast45.50km",11.500050125,34.341007,0,0,"SASW"
2016-01-17,"summer","TaiaroaEast50.55km",11.615731625,34.33827975,-0.03,0,"SASW"
2016-01-17,"summer","TaiaroaEast55.60km",11.620209375,34.33291125,0,0,"SASW"
2016-03-14,"summer","TaiaroaEast0.5km",14.916110487013,34.5242034577922,-0.01,0,"NW"
2016-03-14,"summer","TaiaroaEast5.10km",14.79097175,34.497609875,0,-0.01,"NW"
2016-03-14,"summer","TaiaroaEast10.15km",14.7672655,34.48640975,0.02,0,"NW"
2016-03-14,"summer","TaiaroaEast15.20km",14.647094125,34.556189875,-0.06,0.02,"NW"
2016-03-14,"summer","TaiaroaEast20.25km",14.55500275,34.574694,0.01,-0.01,"SASW"
2016-03-14,"summer","TaiaroaEast25.30km",14.62171725,34.532523125,0,0,"SASW"
2016-03-14,"summer","TaiaroaEast30.35km",14.5346434583333,34.564890875,-0.05,0.02,"SASW"
2016-03-14,"summer","TaiaroaEast35.40km",13.75978825,34.6271449166667,-0.33,-0.01,"STW"
2016-03-14,"summer","TaiaroaEast40.45km",11.712406,34.431944,-0.16,-0.02,"SASW"
2016-03-14,"summer","TaiaroaEast45.50km",11.696309125,34.333824625,0.05,-0.02,"SASW"
2016-03-14,"summer","TaiaroaEast50.55km",11.72627125,34.32066325,-0.01,0,"SASW"
2016-03-14,"summer","TaiaroaEast55.60km",11.831890875,34.313301125,0.03,0,"SASW"
2016-09-20,"winter","TaiaroaEast0.5km",10.9669518181818,34.2522821590909,0.02,-0.02,"NW"
2016-09-20,"winter","TaiaroaEast5.10km",11.040640375,34.30923475,0.01,0.04,"NW"
2016-09-20,"winter","TaiaroaEast10.15km",11.03765775,34.329194375,0.01,0,"NW"
2016-09-20,"winter","TaiaroaEast15.20km",11.132031125,34.391493,0.02,0.03,"NW"
2016-09-20,"winter","TaiaroaEast20.25km",10.957822,34.579234125,-0.06,0.03,"SASW"
2016-09-20,"winter","TaiaroaEast25.30km",10.651689125,34.670249125,-0.09,0.03,"STW"
2016-09-20,"winter","TaiaroaEast30.35km",10.11557875,34.657245125,-0.28,-0.05,"STW"
2016-09-20,"winter","TaiaroaEast35.40km",9.055364625,34.428547125,-0.15,-0.05,"SASW"
2016-09-20,"winter","TaiaroaEast40.45km",8.982431875,34.3664775,0.04,0.01,"SASW"
2016-09-20,"winter","TaiaroaEast45.50km",8.7271035,34.314226,-0.08,-0.01,"SASW"
2016-09-20,"winter","TaiaroaEast50.55km",8.661386,34.286374,0.03,0,"SASW"
2016-09-20,"winter","TaiaroaEast55.60km",8.67541241666667,34.2891809166667,-0.03,0,"SASW"
2017-02-02,"summer","TaiaroaEast0.5km",14.6056504807692,34.3728561538462,0,0.02,"NW"
2017-02-02,"summer","TaiaroaEast5.10km",14.393009,34.023100875,-0.01,-0.01,"NW"
2017-02-02,"summer","TaiaroaEast10.15km",14.376768,34.01668225,-0.07,0.04,"NW"
2017-02-02,"summer","TaiaroaEast15.20km",14.1802845,34.323928,-0.09,0.06,"NW"
2017-02-02,"summer","TaiaroaEast20.25km",13.5411784166667,34.61118625,-0.12,0.03,"STW"
2017-02-02,"summer","TaiaroaEast25.30km",12.932445875,34.76022525,-0.02,0,"STW"
2017-02-02,"summer","TaiaroaEast30.35km",11.902083125,34.572217125,-0.19,-0.05,"SASW"
2017-02-02,"summer","TaiaroaEast35.40km",11.7904935,34.504378375,-0.02,-0.02,"SASW"
2017-02-02,"summer","TaiaroaEast40.45km",11.939329,34.347883,0.05,-0.02,"SASW"
2017-02-02,"summer","TaiaroaEast45.50km",12.133370375,34.289053625,0.05,-0.01,"SASW"
2017-02-02,"summer","TaiaroaEast50.55km",12.07329975,34.28981225,-0.03,0,"SASW"
2017-02-02,"summer","TaiaroaEast55.60km",11.98805275,34.290181375,0.01,0,"SASW"
2017-03-27,"summer","TaiaroaEast0.5km",13.8012819670543,34.4747270494186,-0.05,0,"NW"
2017-03-27,"summer","TaiaroaEast5.10km",13.9659525,34.3913985,0.01,0,"NW"
2017-03-27,"summer","TaiaroaEast10.15km",13.7936105,34.458888625,-0.08,0.03,"NW"
2017-03-27,"summer","TaiaroaEast15.20km",13.273768875,34.5926889,-0.11,0.02,"NW"
2017-03-27,"summer","TaiaroaEast20.25km",12.450012125,34.63187045,-0.15,0,"STW"
2017-03-27,"summer","TaiaroaEast25.30km",11.804309625,34.5126593125,-0.15,-0.04,"SASW"
2017-03-27,"summer","TaiaroaEast30.35km",11.457144125,34.37917585,0.02,-0.01,"SASW"
2017-03-27,"summer","TaiaroaEast35.40km",11.461241,34.375137975,-0.01,0,"SASW"
2017-03-27,"summer","TaiaroaEast40.45km",11.581516,34.361721375,0.08,-0.01,"SASW"
2017-03-27,"summer","TaiaroaEast45.50km",11.790129625,34.34324043125,0,0,"SASW"
2017-03-27,"summer","TaiaroaEast50.55km",11.8247675,34.3266447583333,0.01,0,"SASW"
2017-03-27,"summer","TaiaroaEast55.60km",11.932787125,34.32187991875,0.02,0,"SASW"
2017-06-29,"autumn","TaiaroaEast0.5km",10.1830275,34.4935272727273,0.08,0.01,"NW"
2017-06-29,"autumn","TaiaroaEast5.10km",10.70246975,34.577523875,0.01,0,"NW"
2017-06-29,"autumn","TaiaroaEast10.15km",10.982482125,34.759101625,0.07,0.03,"STW"
2017-06-29,"autumn","TaiaroaEast15.20km",10.987651375,34.77589575,-0.04,-0.01,"STW"
2017-06-29,"autumn","TaiaroaEast20.25km",10.894352,34.7639695,0.01,0,"STW"
2017-06-29,"autumn","TaiaroaEast25.30km",10.8777065,34.774599375,0,0,"STW"
2017-06-29,"autumn","TaiaroaEast30.35km",10.8808135,34.780741,0,0,"STW"
2017-06-29,"autumn","TaiaroaEast35.40km",9.841277,34.5394975,-0.5,-0.11,"SASW"
2017-06-29,"autumn","TaiaroaEast40.45km",9.7622245,34.550641,0.26,0.03,"SASW"
2017-06-29,"autumn","TaiaroaEast45.50km",9.12496475,34.41650925,0.11,0.03,"SASW"
2017-06-29,"autumn","TaiaroaEast50.55km",9.0632045,34.401799,0,0,"SASW"
2017-06-29,"autumn","TaiaroaEast55.60km",9.377594,34.468181,0.05,0.01,"SASW"
2017-07-14,"winter","TaiaroaEast0.5km",10.0790613636364,34.7791928571429,0.09,0,"STW"
2017-07-14,"winter","TaiaroaEast5.10km",10.81892,34.7791928571429,0.11,0,"STW"
2017-07-14,"winter","TaiaroaEast10.15km",11.2091975,34.7791928571429,0.02,0,"STW"
2017-07-14,"winter","TaiaroaEast15.20km",11.1611625,34.7791928571429,-0.01,0,"STW"
2017-07-14,"winter","TaiaroaEast20.25km",10.94244,34.7876682484472,-0.07,0,"STW"
2017-07-14,"winter","TaiaroaEast25.30km",10.8920325,34.7729213507247,0.04,-0.01,"STW"
2017-07-14,"winter","TaiaroaEast30.35km",11.021435,34.7508624,0.01,0.01,"STW"
2017-07-14,"winter","TaiaroaEast35.40km",10.52651,34.7760544545454,-0.37,0,"STW"
2017-07-14,"winter","TaiaroaEast40.45km",9.5403025,34.7894409090909,0.01,0,"STW"
2017-07-14,"winter","TaiaroaEast45.50km",9.5220475,34.6449509818182,-0.01,-0.1,"STW"
2017-07-14,"winter","TaiaroaEast50.55km",9.17069,34.38808,0.02,0,"SASW"
2017-07-14,"winter","TaiaroaEast55.60km",9.1047725,34.3501516666666,0.01,-0.01,"SASW"
2017-09-21,"winter","TaiaroaEast0.5km",12.1582705357143,34.5943366964286,0.48,-0.02,"NW"
2017-09-21,"winter","TaiaroaEast5.10km",10.909825625,34.638419125,-0.01,0,"STW"
2017-09-21,"winter","TaiaroaEast10.15km",10.915122625,34.666600125,0,0,"STW"
2017-09-21,"winter","TaiaroaEast15.20km",10.924783625,34.644102125,0,0,"STW"
2017-09-21,"winter","TaiaroaEast20.25km",10.941739,34.706928875,0.02,0.03,"STW"
2017-09-21,"winter","TaiaroaEast25.30km",10.6313845,34.82056925,-0.11,-0.01,"STW"
2017-09-21,"winter","TaiaroaEast30.35km",10.39935725,34.79177275,-0.04,-0.01,"STW"
2017-09-21,"winter","TaiaroaEast35.40km",10.393609,34.790208,0.02,0,"STW"
2017-09-21,"winter","TaiaroaEast40.45km",10.2149235,34.748591,-0.04,-0.01,"STW"
2017-09-21,"winter","TaiaroaEast45.50km",9.585146875,34.603687375,-0.12,-0.03,"STW"
2017-09-21,"winter","TaiaroaEast50.55km",9.159219,34.52032,-0.01,0.01,"SASW"
2017-09-21,"winter","TaiaroaEast55.60km",8.825044,34.4326845,-0.17,-0.04,"SASW"
2018-01-30,"summer","TaiaroaEast0.5km",19.9952655,34.772958625,0.2,0,"STW"
2018-01-30,"summer","TaiaroaEast5.10km",18.099073625,34.569756625,-0.4,-0.07,"NW"
2018-01-30,"summer","TaiaroaEast10.15km",18.833162625,34.306786375,0.03,0,"NW"
2018-01-30,"summer","TaiaroaEast15.20km",18.5505205,34.504652375,-0.11,0.1,"NW"
2018-01-30,"summer","TaiaroaEast20.25km",18.291603125,34.77187,-0.02,0.01,"STW"
2018-01-30,"summer","TaiaroaEast25.30km",18.0677025416667,34.7676900833333,-0.05,0,"STW"
2018-01-30,"summer","TaiaroaEast30.35km",17.306809125,34.743392375,-0.13,-0.01,"STW"
2018-01-30,"summer","TaiaroaEast35.40km",16.638160125,34.7265405,0.04,0,"STW"
2018-01-30,"summer","TaiaroaEast40.45km",16.595466875,34.658607875,-0.09,-0.02,"STW"
2018-01-30,"summer","TaiaroaEast45.50km",16.441301125,34.44704825,-0.02,-0.08,"SASW"
2018-01-30,"summer","TaiaroaEast50.55km",16.913656875,34.282092125,0.21,-0.01,"SASW"
2018-01-30,"summer","TaiaroaEast55.60km",17.564797375,34.255421375,0.04,0,"SASW"
2018-03-26,"summer","TaiaroaEast0.5km",15.305225125,34.616370625,-0.02,0,"STW"
2018-03-26,"summer","TaiaroaEast5.10km",15.1931355,34.63226575,-0.03,0,"STW"
2018-03-26,"summer","TaiaroaEast10.15km",15.141268,34.499205,-0.01,-0.04,"NW"
2018-03-26,"summer","TaiaroaEast15.20km",15.0495,34.588795,-0.02,0.04,"NW"
2018-03-26,"summer","TaiaroaEast20.25km",14.6998068333333,34.7521128333333,-0.15,0.03,"STW"
2018-03-26,"summer","TaiaroaEast25.30km",14.7778694583333,34.6630517916667,-0.02,0,"STW"
2018-03-26,"summer","TaiaroaEast30.35km",14.33041875,34.7398445,-0.21,0,"STW"
2018-03-26,"summer","TaiaroaEast35.40km",13.46611125,34.73112225,-0.03,0,"STW"
2018-03-26,"summer","TaiaroaEast40.45km",13.2682603333333,34.7553686666667,-0.02,0.01,"STW"
2018-03-26,"summer","TaiaroaEast45.50km",13.64441225,34.7883476666667,0.17,0,"STW"
2018-03-26,"summer","TaiaroaEast50.55km",13.4571840833333,34.55901275,-0.34,-0.11,"SASW"
2018-03-26,"summer","TaiaroaEast55.60km",12.8017464583333,34.3148210416667,0.03,-0.01,"SASW"
2018-05-17,"autumn","TaiaroaEast0.5km",12.057435375,34.232727125,-0.03,-0.01,"NW"
2018-05-17,"autumn","TaiaroaEast5.10km",12.2942060833333,34.2608198333333,0.06,0.03,"NW"
2018-05-17,"autumn","TaiaroaEast10.15km",12.33178,34.3195889166667,0.02,0,"NW"
2018-05-17,"autumn","TaiaroaEast15.20km",12.7253125,34.7574429166667,-0.01,0.03,"STW"
2018-05-17,"autumn","TaiaroaEast20.25km",12.6766604166667,34.8034499166667,0.02,0.01,"STW"
2018-05-17,"autumn","TaiaroaEast25.30km",12.681377,34.823653,-0.03,0,"STW"
2018-05-17,"autumn","TaiaroaEast30.35km",12.3357475,34.797677,-0.04,0,"STW"
2018-05-17,"autumn","TaiaroaEast35.40km",11.8444090833333,34.7411059166667,-0.16,-0.03,"STW"
2018-05-17,"autumn","TaiaroaEast40.45km",10.9587165833333,34.5799453333333,0.04,0.01,"SASW"
2018-05-17,"autumn","TaiaroaEast45.50km",10.6516902083333,34.6214393333333,-0.58,-0.01,"STW"
2018-05-17,"autumn","TaiaroaEast50.55km",10.2005075,34.3688679166667,-0.01,-0.01,"SASW"
2018-05-17,"autumn","TaiaroaEast55.60km",10.21685625,34.36578275,0,0,"SASW"
2018-07-13,"winter","TaiaroaEast0.5km",9.28882545454545,34.2945030681818,0.02,0,"NW"
2018-07-13,"winter","TaiaroaEast5.10km",9.390913375,34.294831875,0.06,-0.01,"NW"
2018-07-13,"winter","TaiaroaEast10.15km",9.791250625,34.275167625,0.05,0.02,"NW"
2018-07-13,"winter","TaiaroaEast15.20km",10.232803875,34.64149075,0.16,0.12,"STW"
2018-07-13,"winter","TaiaroaEast20.25km",10.279091,34.7843235833333,-0.03,0,"STW"
2018-07-13,"winter","TaiaroaEast25.30km",10.332126875,34.79015475,-0.06,-0.02,"STW"
2018-07-13,"winter","TaiaroaEast30.35km",9.958679125,34.704368,-0.05,-0.01,"STW"
2018-07-13,"winter","TaiaroaEast35.40km",10.004109625,34.7174675,0.01,0,"STW"
2018-07-13,"winter","TaiaroaEast40.45km",10.00450625,34.7169775,-0.02,0,"STW"
2018-07-13,"winter","TaiaroaEast45.50km",9.576456625,34.626739,-0.09,-0.01,"STW"
2018-07-13,"winter","TaiaroaEast50.55km",9.83066625,34.650788625,-0.06,-0.05,"STW"
2018-07-13,"winter","TaiaroaEast55.60km",8.63315675,34.37436125,-0.02,0,"SASW"
2019-03-15,"summer","TaiaroaEast0.5km",15.535448030303,34.6375802272727,0.1,-0.01,"STW"
2019-03-15,"summer","TaiaroaEast5.10km",15.51395625,34.59025825,-0.04,0,"NW"
2019-03-15,"summer","TaiaroaEast10.15km",15.33556775,34.582569875,-0.07,0,"NW"
2019-03-15,"summer","TaiaroaEast15.20km",15.156784125,34.62511075,-0.03,0,"STW"
2019-03-15,"summer","TaiaroaEast20.25km",14.509708875,34.616414125,-0.13,0,"STW"
2019-03-15,"summer","TaiaroaEast25.30km",14.0447016666667,34.649517,-0.09,0,"STW"
2019-03-15,"summer","TaiaroaEast30.35km",13.399003,34.63408225,-0.13,-0.01,"STW"
2019-03-15,"summer","TaiaroaEast35.40km",12.8891459166667,34.515113,-0.08,-0.02,"SASW"
2019-03-15,"summer","TaiaroaEast40.45km",12.7996105,34.5296955,0.02,0.02,"SASW"
2019-03-15,"summer","TaiaroaEast45.50km",12.9627675,34.436534125,0.08,-0.05,"SASW"
2019-03-15,"summer","TaiaroaEast50.55km",13.263302125,34.32978375,0.06,0,"SASW"
2019-03-15,"summer","TaiaroaEast55.60km",13.4389985,34.32531,0,0,"SASW"
2019-05-23,"autumn","TaiaroaEast0.5km",12.5293134469697,34.149163030303,0.02,-0.01,"NW"
2019-05-23,"autumn","TaiaroaEast5.10km",12.543786625,34.15743075,-0.07,0.02,"NW"
2019-05-23,"autumn","TaiaroaEast10.15km",12.71617825,33.8347595,0.18,-0.08,"NW"
2019-05-23,"autumn","TaiaroaEast15.20km",12.90994625,34.632779,-0.07,0.09,"STW"
2019-05-23,"autumn","TaiaroaEast20.25km",12.545985125,34.754037625,-0.03,0,"STW"
2019-05-23,"autumn","TaiaroaEast25.30km",12.432564375,34.745064375,-0.09,0,"STW"
2019-05-23,"autumn","TaiaroaEast30.35km",11.898361,34.72500325,-0.17,-0.01,"STW"
2019-05-23,"autumn","TaiaroaEast35.40km",11.748614375,34.63655675,0.08,0,"STW"
2019-05-23,"autumn","TaiaroaEast40.45km",10.6334455,34.560654875,-0.23,-0.09,"SASW"
2019-05-23,"autumn","TaiaroaEast45.50km",10.360335,34.254053,0.02,-0.02,"SASW"
2019-05-23,"autumn","TaiaroaEast50.55km",10.438695875,34.247146625,-0.01,0,"SASW"
2019-05-23,"autumn","TaiaroaEast55.60km",10.37157625,34.258129,-0.03,-0.01,"SASW"
2019-07-23,"winter","TaiaroaEast0.5km",10.3097890909091,33.8254122727273,-0.03,-0.05,"NW"
2019-07-23,"winter","TaiaroaEast5.10km",10.184373875,33.507547,-0.02,-0.04,"NW"
2019-07-23,"winter","TaiaroaEast10.15km",10.232042875,33.578508375,0.05,0.07,"NW"
2019-07-23,"winter","TaiaroaEast15.20km",10.465040625,33.95328425,0.01,-0.01,"NW"
2019-07-23,"winter","TaiaroaEast20.25km",10.548355125,34.099742375,0.03,0.14,"SASW"
2019-07-23,"winter","TaiaroaEast25.30km",10.5295145,34.28451425,-0.01,0.04,"SASW"
2019-07-23,"winter","TaiaroaEast30.35km",9.555975875,34.455815875,-0.34,-0.07,"SASW"
2019-07-23,"winter","TaiaroaEast35.40km",9.0682065,34.325017,0.03,0,"SASW"
2019-07-23,"winter","TaiaroaEast40.45km",9.09257429166667,34.3254124583333,0,0,"SASW"
2019-07-23,"winter","TaiaroaEast45.50km",9.097496625,34.31295975,-0.01,0,"SASW"
2019-07-23,"winter","TaiaroaEast50.55km",9.060979125,34.305757,0,0,"SASW"
2019-07-23,"winter","TaiaroaEast55.60km",9.053272375,34.298492,0.01,0,"SASW"
2019-09-03,"winter","TaiaroaEast0.5km",9.92185522727273,34.1769869318182,0.01,-0.01,"NW"
2019-09-03,"winter","TaiaroaEast5.10km",10.084877375,34.100256,0.05,-0.05,"NW"
2019-09-03,"winter","TaiaroaEast10.15km",10.44298,34.1625575,0.11,0.12,"NW"
2019-09-03,"winter","TaiaroaEast15.20km",10.576966,34.7872015,0.02,0.01,"STW"
2019-09-03,"winter","TaiaroaEast20.25km",10.44654075,34.797869875,-0.04,0,"STW"
2019-09-03,"winter","TaiaroaEast25.30km",10.107599375,34.74106125,-0.15,-0.02,"STW"
2019-09-03,"winter","TaiaroaEast30.35km",9.270513,34.52388,-0.15,-0.05,"SASW"
2019-09-03,"winter","TaiaroaEast35.40km",8.892038,34.407611125,-0.09,-0.03,"SASW"
2019-09-03,"winter","TaiaroaEast40.45km",8.79847325,34.3058585,0.06,0.01,"SASW"
2019-09-03,"winter","TaiaroaEast45.50km",8.87729425,34.308015375,0.02,0,"SASW"
2019-09-03,"winter","TaiaroaEast50.55km",8.975295875,34.314918375,-0.03,0,"SASW"
2019-09-03,"winter","TaiaroaEast55.60km",9.041474,34.311128125,-0.03,0,"SASW"
2019-11-04,"spring","TaiaroaEast0.5km",13.1287932954545,34.0087882954545,-0.03,-0.03,"NW"
2019-11-04,"spring","TaiaroaEast5.10km",12.623795375,33.69122175,-0.26,-0.11,"NW"
2019-11-04,"spring","TaiaroaEast10.15km",12.84824175,33.246201875,0.14,0.09,"NW"
2019-11-04,"spring","TaiaroaEast15.20km",12.629736625,34.377527,-0.27,0.24,"NW"
2019-11-04,"spring","TaiaroaEast20.25km",11.241815,34.70190175,-0.28,-0.04,"STW"
2019-11-04,"spring","TaiaroaEast25.30km",10.152034375,34.55108975,-0.03,-0.01,"SASW"
2019-11-04,"spring","TaiaroaEast30.35km",9.992591125,34.52412925,-0.14,-0.02,"SASW"
2019-11-04,"spring","TaiaroaEast35.40km",9.75362075,34.393403,0.1,-0.03,"SASW"
2019-11-04,"spring","TaiaroaEast40.45km",10.223282,34.39319775,-0.02,0,"SASW"
2019-11-04,"spring","TaiaroaEast45.50km",9.895748875,34.342042,-0.05,0,"SASW"
2019-11-04,"spring","TaiaroaEast50.55km",10.01755625,34.326562375,0,0,"SASW"
2019-11-04,"spring","TaiaroaEast55.60km",9.985141125,34.329333875,0,0,"SASW"
2020-01-14,"summer","TaiaroaEast0.5km",14.5054527651515,33.8352626515152,0.01,0,"NW"
2020-01-14,"summer","TaiaroaEast5.10km",14.315097,33.778972375,-0.06,-0.03,"NW"
2020-01-14,"summer","TaiaroaEast10.15km",14.2158145,33.6981075833333,0,0,"NW"
2020-01-14,"summer","TaiaroaEast15.20km",14.069095,33.5115636666667,-0.05,-0.04,"NW"
2020-01-14,"summer","TaiaroaEast20.25km",13.8553375833333,33.6255873333333,-0.24,0.16,"SASW"
2020-01-14,"summer","TaiaroaEast25.30km",11.7683285,34.4234385416667,-0.13,-0.02,"SASW"
2020-01-14,"summer","TaiaroaEast30.35km",11.625089,34.4115205,0.05,0,"SASW"
2020-01-14,"summer","TaiaroaEast35.40km",11.8153269166667,34.3841036666667,0,-0.01,"SASW"
2020-01-14,"summer","TaiaroaEast40.45km",11.860938625,34.32808175,0,-0.01,"SASW"
2020-01-14,"summer","TaiaroaEast45.50km",11.4402041944444,32.4698697361111,0.03,0,"SASW"
2020-01-14,"summer","TaiaroaEast50.55km",12.0078662361111,33.1496689398148,-0.01,0,"SASW"
2020-01-14,"summer","TaiaroaEast55.60km",12.0629475,34.28592575,-0.01,0,"SASW"
2020-06-02,"autumn","TaiaroaEast0.5km",11.7008355681818,34.2734532954545,0,-0.02,"NW"
2020-06-02,"autumn","TaiaroaEast5.10km",11.93281175,34.2295312083333,-0.01,-0.17,"NW"
2020-06-02,"autumn","TaiaroaEast10.15km",11.250486625,33.30144625,-0.21,-0.07,"NW"
2020-06-02,"autumn","TaiaroaEast15.20km",10.970761125,33.449918875,0.03,0.1,"NW"
2020-06-02,"autumn","TaiaroaEast20.25km",11.276569,34.0273618333333,0.06,0.15,"SASW"
2020-06-02,"autumn","TaiaroaEast25.30km",11.677873,34.641097,0.09,0.08,"STW"
2020-06-02,"autumn","TaiaroaEast30.35km",11.8108953181818,34.7646500606061,-0.05,0,"STW"
2020-06-02,"autumn","TaiaroaEast35.40km",11.6069345,34.746701,-0.05,-0.01,"STW"
2020-06-02,"autumn","TaiaroaEast40.45km",11.1979145,34.6430335,-0.09,-0.07,"STW"
2020-06-02,"autumn","TaiaroaEast45.50km",9.9997615,34.3795835,-0.06,-0.01,"SASW"
2020-06-02,"autumn","TaiaroaEast50.55km",9.9462875,34.361941,0,0,"SASW"
2020-06-02,"autumn","TaiaroaEast55.60km",9.95267916666667,34.3610625,0,0,"SASW"
2020-07-28,"winter","TaiaroaEast0.5km",9.90160403138528,34.3584789393939,0.24,0,"NW"
2020-07-28,"winter","TaiaroaEast5.10km",9.69718625,33.94278175,-0.01,-0.02,"NW"
2020-07-28,"winter","TaiaroaEast10.15km",9.59911875,33.9356595,0.01,0.06,"NW"
2020-07-28,"winter","TaiaroaEast15.20km",10.0066425,34.4576435,0.1,0.11,"NW"
2020-07-28,"winter","TaiaroaEast20.25km",10.1880325,34.70945825,-0.05,0.01,"STW"
2020-07-28,"winter","TaiaroaEast25.30km",9.96676,34.695007375,0.03,0.01,"STW"
2020-07-28,"winter","TaiaroaEast30.35km",10.300675,34.75470975,-0.01,0,"STW"
2020-07-28,"winter","TaiaroaEast35.40km",9.9926,34.66188,-0.32,-0.09,"STW"
2020-07-28,"winter","TaiaroaEast40.45km",8.37944875,34.341434,0.01,0,"SASW"
2020-07-28,"winter","TaiaroaEast45.50km",8.3336575,34.3350305,0.04,0.01,"SASW"
2020-07-28,"winter","TaiaroaEast50.55km",8.45550625,34.358101625,0.01,0,"SASW"
2020-07-28,"winter","TaiaroaEast55.60km",8.436065,34.3511505,0,0,"SASW"
2020-10-13,"spring","TaiaroaEast0.5km",11.773945,34.489579625,0.01,-0.01,"NW"
2020-10-13,"spring","TaiaroaEast5.10km",11.8655558333333,34.4782508333333,0.01,0.01,"NW"
2020-10-13,"spring","TaiaroaEast10.15km",11.66205,34.5842125,0.01,-0.02,"NW"
2020-10-13,"spring","TaiaroaEast15.20km",11.7833891666667,34.5597595833333,0.03,0.04,"NW"
2020-10-13,"spring","TaiaroaEast20.25km",11.6772429166667,34.6630863333333,-0.02,-0.01,"STW"
2020-10-13,"spring","TaiaroaEast25.30km",11.29852,34.792550125,-0.13,0.04,"STW"
2020-10-13,"spring","TaiaroaEast30.35km",10.836855,34.785855625,-0.04,-0.01,"STW"
2020-10-13,"spring","TaiaroaEast35.40km",10.85500625,34.75507225,-0.03,-0.02,"STW"
2020-10-13,"spring","TaiaroaEast40.45km",10.70070375,34.710639625,-0.02,0,"STW"
2020-10-13,"spring","TaiaroaEast45.50km",10.572455,34.6924665,-0.01,0,"STW"
2020-10-13,"spring","TaiaroaEast50.55km",10.4962175,34.6767639583333,-0.07,-0.01,"STW"
2020-10-13,"spring","TaiaroaEast55.60km",9.92616,34.6209575,-0.14,-0.03,"STW"
2021-01-27,"summer","TaiaroaEast0.5km",15.217384469697,33.8752474762226,-0.08,-0.02,"NW"
2021-01-27,"summer","TaiaroaEast5.10km",14.9482216666667,33.8564507888066,-0.04,0.02,"NW"
2021-01-27,"summer","TaiaroaEast10.15km",14.9931208333333,33.8737725065433,0.05,-0.03,"NW"
2021-01-27,"summer","TaiaroaEast15.20km",14.9229283333333,33.9350552042381,-0.11,0.09,"NW"
2021-01-27,"summer","TaiaroaEast20.25km",13.8017233333333,34.525917008855,-0.18,0.05,"SASW"
2021-01-27,"summer","TaiaroaEast25.30km",12.7753025,34.662045345152,-0.3,0.02,"STW"
2021-01-27,"summer","TaiaroaEast30.35km",12.2549916666667,34.6573925929459,-0.01,-0.01,"STW"
2021-01-27,"summer","TaiaroaEast35.40km",12.1553375,34.6552091927028,-0.01,0.01,"STW"
2021-01-27,"summer","TaiaroaEast40.45km",12.3721383333333,34.5758154836351,0.08,-0.02,"SASW"
2021-01-27,"summer","TaiaroaEast45.50km",12.595885,34.4310035126661,0.07,-0.02,"SASW"
2021-01-27,"summer","TaiaroaEast50.55km",12.8452583333333,34.3949050344413,-0.01,0.01,"SASW"
2021-01-27,"summer","TaiaroaEast55.60km",12.7060275,34.4481765689531,0.03,-0.02,"SASW"
2021-03-29,"summer","TaiaroaEast0.5km",14.9626079545455,34.6367394996578,0,-0.03,"STW"
2021-03-29,"summer","TaiaroaEast5.10km",14.78592625,34.6425158084944,-0.03,0.02,"STW"
2021-03-29,"summer","TaiaroaEast10.15km",14.84966125,34.4960215579649,-0.08,0.02,"NW"
2021-03-29,"summer","TaiaroaEast15.20km",14.623835,34.5272223432595,-0.01,-0.01,"NW"
2021-03-29,"summer","TaiaroaEast20.25km",14.05097625,34.7638608970323,-0.22,0.07,"STW"
2021-03-29,"summer","TaiaroaEast25.30km",13.542915,34.7867902432152,-0.08,-0.01,"STW"
2021-03-29,"summer","TaiaroaEast30.35km",13.41798,34.7437910382282,0.04,-0.02,"STW"
2021-03-29,"summer","TaiaroaEast35.40km",12.8617958333333,34.7507969954418,-0.14,-0.01,"STW"
2021-03-29,"summer","TaiaroaEast40.45km",12.836255,34.6454992609974,0.19,-0.05,"STW"
2021-03-29,"summer","TaiaroaEast45.50km",13.0532891666667,34.5040616309718,-0.02,-0.01,"SASW"
2021-03-29,"summer","TaiaroaEast50.55km",13.1576991666667,34.4057727496748,0,-0.02,"SASW"
2021-03-29,"summer","TaiaroaEast55.60km",13.217235,34.3310627338296,0.01,-0.01,"SASW"
2021-05-27,"autumn","TaiaroaEast0.5km",12.0350488636364,34.5691606818182,0.04,0.02,"NW"
2021-05-27,"autumn","TaiaroaEast5.10km",12.34108,34.69692275,0.07,0,"STW"
2021-05-27,"autumn","TaiaroaEast10.15km",12.344085,34.6491355,-0.03,-0.01,"STW"
2021-05-27,"autumn","TaiaroaEast15.20km",12.1666,34.6079415,-0.05,0,"STW"
2021-05-27,"autumn","TaiaroaEast20.25km",12.11657125,34.7551435,0.02,0.04,"STW"
2021-05-27,"autumn","TaiaroaEast25.30km",12.0885225,34.8225835,0,0,"STW"
2021-05-27,"autumn","TaiaroaEast30.35km",11.9802525,34.810614625,-0.06,0,"STW"
2021-05-27,"autumn","TaiaroaEast35.40km",11.99184,34.8221025,0,0,"STW"
2021-05-27,"autumn","TaiaroaEast40.45km",11.9139016666667,34.78819375,-0.03,-0.02,"STW"
2021-05-27,"autumn","TaiaroaEast45.50km",11.2149391666667,34.5232839166667,-0.44,-0.08,"SASW"
2021-05-27,"autumn","TaiaroaEast50.55km",10.1038366666667,34.3596446666667,0,-0.02,"SASW"
2021-05-27,"autumn","TaiaroaEast55.60km",10.032925,34.287067125,0,0,"SASW"
2021-07-28,"winter","TaiaroaEast0.5km",10.0750022727273,NA,0.01,NA,NA
2021-07-28,"winter","TaiaroaEast5.10km",10.305305,NA,0.05,NA,NA
2021-07-28,"winter","TaiaroaEast10.15km",10.42207375,NA,0.02,NA,NA
2021-07-28,"winter","TaiaroaEast15.20km",10.4278475,NA,-0.02,NA,NA
2021-07-28,"winter","TaiaroaEast20.25km",10.4944075,NA,0.06,NA,NA
2021-07-28,"winter","TaiaroaEast25.30km",10.41418,NA,-0.13,NA,NA
2021-07-28,"winter","TaiaroaEast30.35km",8.75630125,NA,-0.26,NA,NA
2021-07-28,"winter","TaiaroaEast35.40km",9.07915875,NA,0.09,NA,NA
2021-07-28,"winter","TaiaroaEast40.45km",8.22578375,NA,-0.03,NA,NA
2021-07-28,"winter","TaiaroaEast45.50km",8.22769,NA,-0.02,NA,NA
2021-07-28,"winter","TaiaroaEast50.55km",8.180165,NA,-0.01,NA,NA
2021-07-28,"winter","TaiaroaEast55.60km",8.1549675,NA,0,NA,NA
2021-09-21,"winter","TaiaroaEast0.5km",10.6493840182563,34.3584134592916,0.02,0,"NW"
2021-09-21,"winter","TaiaroaEast5.10km",10.7821238064233,34.3194303657888,0.03,-0.02,"NW"
2021-09-21,"winter","TaiaroaEast10.15km",10.7403426478427,34.1783016964601,-0.07,0,"NW"
2021-09-21,"winter","TaiaroaEast15.20km",10.6349357927355,34.2959142623252,0,0.03,"NW"
2021-09-21,"winter","TaiaroaEast20.25km",10.6216151720612,34.4297616622225,0.01,0.02,"SASW"
2021-09-21,"winter","TaiaroaEast25.30km",10.6980689037845,34.4726104752758,-0.01,0.01,"SASW"
2021-09-21,"winter","TaiaroaEast30.35km",10.6379895669359,34.5280658744304,-0.01,0.01,"SASW"
2021-09-21,"winter","TaiaroaEast35.40km",10.6438799277263,34.5332747154513,0.01,-0.01,"SASW"
2021-09-21,"winter","TaiaroaEast40.45km",10.5160585375434,34.4206640390586,-0.06,-0.03,"SASW"
2021-09-21,"winter","TaiaroaEast45.50km",10.0997438783759,34.2333849820663,-0.18,-0.04,"SASW"
2021-09-21,"winter","TaiaroaEast50.55km",8.75019634118778,34.2673519841742,-0.21,0.04,"SASW"
2021-09-21,"winter","TaiaroaEast55.60km",8.43206140974471,34.3156360011776,-0.02,0,"SASW"
2021-11-30,"spring","TaiaroaEast0.5km",15.1060283746556,34.2792661204658,0.01,-0.01,"NW"
2021-11-30,"spring","TaiaroaEast5.10km",14.5955839393939,33.8524067977613,0.06,-0.04,"NW"
2021-11-30,"spring","TaiaroaEast10.15km",14.5663240909091,33.9974428811123,-0.04,0.07,"NW"
2021-11-30,"spring","TaiaroaEast15.20km",14.2591072727273,34.4072886574476,-0.08,0.05,"NW"
2021-11-30,"spring","TaiaroaEast20.25km",14.0968903030303,34.5195204484899,0,0.04,"SASW"
2021-11-30,"spring","TaiaroaEast25.30km",13.8636218181818,34.7128633533433,-0.09,0.03,"STW"
2021-11-30,"spring","TaiaroaEast30.35km",13.1570686363636,34.5849983794553,-0.25,-0.07,"SASW"
2021-11-30,"spring","TaiaroaEast35.40km",12.5120359090909,34.4331095132425,-0.04,-0.01,"SASW"
2021-11-30,"spring","TaiaroaEast40.45km",12.6442963636364,34.406726033821,0.1,-0.01,"SASW"
2021-11-30,"spring","TaiaroaEast45.50km",12.8105759090909,34.3821779193548,0.04,0,"SASW"
2021-11-30,"spring","TaiaroaEast50.55km",12.6874186363636,34.34435797578,-0.02,0,"SASW"
2021-11-30,"spring","TaiaroaEast55.60km",12.6308054545455,34.3864790956372,-0.02,0.01,"SASW"
2022-03-25,"summer","TaiaroaEast0.5km",13.9881353447539,34.6823193230947,-0.36,-0.02,"STW"
2022-03-25,"summer","TaiaroaEast5.10km",13.7738013392857,34.6540653839286,-0.4,-0.05,"STW"
2022-03-25,"summer","TaiaroaEast10.15km",13.6699375,34.7357565,-0.3,0,"STW"
2022-03-25,"summer","TaiaroaEast15.20km",13.668340625,34.8012455625,-0.3,0,"STW"
2022-03-25,"summer","TaiaroaEast20.25km",13.6103725,34.83110625,-0.27,0.01,"STW"
2022-03-25,"summer","TaiaroaEast25.30km",13.5755060416667,34.8401137291667,-0.27,0,"STW"
2022-03-25,"summer","TaiaroaEast30.35km",12.660051875,34.6577846875,-0.52,-0.06,"STW"
2022-03-25,"summer","TaiaroaEast35.40km",12.12743875,34.5839066666667,-0.49,-0.06,"SASW"
2022-03-25,"summer","TaiaroaEast40.45km",12.13036,34.57222,-0.49,-0.06,"SASW"
2022-03-25,"summer","TaiaroaEast45.50km",12.170135,34.565817,-0.5,-0.05,"SASW"
2022-03-25,"summer","TaiaroaEast50.55km",11.7972075,34.4315,-0.52,-0.06,"SASW"
2022-03-25,"summer","TaiaroaEast55.60km",11.34050625,34.3109077916667,-0.34,0,"SASW"
2022-10-04,"spring","TaiaroaEast0.5km",11.7122,34.4071046590909,-0.02,0.01,"NW"
2022-10-04,"spring","TaiaroaEast5.10km",11.87995125,34.48025875,0.05,0,"NW"
2022-10-04,"spring","TaiaroaEast10.15km",11.891835,34.3394905,0,-0.01,"NW"
2022-10-04,"spring","TaiaroaEast15.20km",11.7400408333333,34.785156625,-0.08,0.09,"STW"
2022-10-04,"spring","TaiaroaEast20.25km",10.66503,34.8356605,-0.28,-0.02,"STW"
2022-10-04,"spring","TaiaroaEast25.30km",10.00396125,34.65549625,-0.16,-0.04,"STW"
2022-10-04,"spring","TaiaroaEast30.35km",9.63983,34.553361625,-0.03,-0.01,"SASW"
2022-10-04,"spring","TaiaroaEast35.40km",9.45919875,34.4695615,-0.03,-0.01,"SASW"
2022-10-04,"spring","TaiaroaEast40.45km",8.97525375,34.4416415,0.02,-0.01,"SASW"
2022-10-04,"spring","TaiaroaEast45.50km",9.16159,34.452597,0.01,0.01,"SASW"
2022-10-04,"spring","TaiaroaEast50.55km",9.124905,34.4755356666667,-0.02,0,"SASW"
2022-10-04,"spring","TaiaroaEast55.60km",8.96931416666667,34.4180153333333,-0.09,-0.02,"SASW"
2023-01-24,"summer","TaiaroaEast0.5km",16.5392631944444,34.7642463541667,-0.05,-0.03,"STW"
2023-01-24,"summer","TaiaroaEast5.10km",16.744855,34.621289,-0.02,0.01,"STW"
2023-01-24,"summer","TaiaroaEast10.15km",16.31283875,34.87583725,-0.17,0.07,"STW"
2023-01-24,"summer","TaiaroaEast15.20km",15.55792,34.93743375,-0.25,-0.02,"STW"
2023-01-24,"summer","TaiaroaEast20.25km",14.8172825,34.767333375,-0.1,-0.04,"STW"
2023-01-24,"summer","TaiaroaEast25.30km",14.4982175,34.644733,-0.03,-0.01,"STW"
2023-01-24,"summer","TaiaroaEast30.35km",14.35974625,34.64783975,0.01,-0.01,"STW"
2023-01-24,"summer","TaiaroaEast35.40km",14.47559,34.470302,0.02,-0.01,"SASW"
2023-01-24,"summer","TaiaroaEast40.45km",14.64545875,34.450010625,0.07,0,"SASW"
2023-01-24,"summer","TaiaroaEast45.50km",14.94299875,34.42842275,0.13,-0.01,"SASW"
2023-01-24,"summer","TaiaroaEast50.55km",15.519625,34.402127,0.06,0,"SASW"
2023-01-24,"summer","TaiaroaEast55.60km",15.3980775,34.3986275,-0.07,0,"SASW"
2023-03-24,"summer","TaiaroaEast0.5km",15.70930625,34.639353875,0.04,0.01,"STW"
2023-03-24,"summer","TaiaroaEast5.10km",15.85130125,34.57624875,0,-0.02,"NW"
2023-03-24,"summer","TaiaroaEast10.15km",15.8223325,34.557058375,-0.02,0.01,"NW"
2023-03-24,"summer","TaiaroaEast15.20km",15.7575725,34.602018125,-0.02,0.02,"STW"
2023-03-24,"summer","TaiaroaEast20.25km",14.54822375,34.812019625,-0.32,0.01,"STW"
2023-03-24,"summer","TaiaroaEast25.30km",13.85068375,34.77548775,-0.11,-0.02,"STW"
2023-03-24,"summer","TaiaroaEast30.35km",13.72595,34.780776875,0.1,0.01,"STW"
2023-03-24,"summer","TaiaroaEast35.40km",13.38563,34.5829210833333,-0.09,-0.04,"SASW"
2023-03-24,"summer","TaiaroaEast40.45km",13.4533716666667,34.46851325,0.05,-0.01,"SASW"
2023-03-24,"summer","TaiaroaEast45.50km",13.5166883333333,34.4367954166667,0.02,0,"SASW"
2023-03-24,"summer","TaiaroaEast50.55km",13.937955,34.405044,0.05,-0.01,"SASW"
2023-03-24,"summer","TaiaroaEast55.60km",13.832345,34.39332275,-0.03,0,"SASW"
